{
  "baseline_rmse": 27.194618857207846,
  "optimized_rmse": 3.0645347554169198,
  "improvement_pct": 88.73109870924087
}