{
  "baseline_rmse": 27.194618857207846,
  "optimized_rmse": 3.130718407269724,
  "improvement_pct": 88.48772831232404
}